,Residue_ID,Residue,Probability,Binary
0,9,E,0.001,0
1,10,P,0.001,0
2,11,L,0.001,0
3,12,L,0.000,0
4,13,T,0.001,0
5,14,P,0.000,0
6,15,A,0.001,0
7,16,E,0.002,0
8,17,V,0.000,0
9,18,A,0.000,0
10,19,T,0.001,0
11,20,M,0.001,0
12,21,F,0.001,0
13,22,R,0.002,0
14,23,V,0.001,0
15,24,D,0.006,0
16,25,P,0.001,0
17,26,K,0.002,0
18,27,T,0.001,0
19,28,V,0.000,0
20,29,T,0.001,0
21,30,R,0.001,0
22,31,W,0.001,0
23,32,A,0.001,0
24,33,K,0.001,0
25,34,A,0.001,0
26,35,G,0.001,0
27,36,K,0.001,0
28,37,L,0.000,0
29,38,T,0.005,0
30,39,S,0.001,0
31,40,I,0.001,0
32,41,R,0.001,0
33,42,T,0.001,0
34,43,L,0.001,0
35,44,G,0.002,0
36,45,G,0.001,0
37,46,H,0.003,0
38,47,R,0.001,0
39,48,R,0.001,0
40,49,Y,0.000,0
41,50,R,0.002,0
42,51,E,0.001,0
43,52,A,0.001,0
44,53,E,0.003,0
45,54,V,0.000,0
46,55,R,0.001,0
47,56,A,0.001,0
48,57,L,0.001,0
49,58,L,0.001,0
50,59,A,0.000,0
51,60,G,0.000,0
52,61,I,0.000,0
53,62,P,0.000,0
